0015,富邦,0049,封閉式基金
0050,台灣50,0099P,ETF
0051,中100,0099P,ETF
0052,FB科技,0099P,ETF
0053,寶電子,0099P,ETF
0054,台商50,0099P,ETF
0055,寶金融,0099P,ETF
0056,高股息,0099P,ETF
0057,FB摩台,0099P,ETF
0058,FB發達,0099P,ETF
0059,FB金融,0099P,ETF
0060,新台灣,0099P,ETF
0061,寶滬深,0099P,ETF
006203,寶摩臺,0099P,ETF
006204,豐臺灣,0099P,ETF
006205,FB上証,0099P,ETF
006206,元上證,0099P,ETF
006207,FH滬深,0099P,ETF
006208,FB台50,0099P,ETF
0080,恒中國,0099P,ETF
0081,恒香港,0099P,ETF
008201,上證50,0099P,ETF
01001T,富邦R1,019919T,受益證券
01002T,國泰R1,019919T,受益證券
01003T,新光R1,019919T,受益證券
01004T,富邦R2,019919T,受益證券
01007T,國泰R2,019919T,受益證券
01008T,駿馬R1,019919T,受益證券
1101,台泥,01,水泥工業
1102,亞泥,01,水泥工業
1103,嘉泥,01,水泥工業
1104,環泥,01,水泥工業
1108,幸福,01,水泥工業
1109,信大,01,水泥工業
1110,東泥,01,水泥工業
1201,味全,02,食品工業
1203,味王,02,食品工業
1210,大成,02,食品工業
1213,大飲,02,食品工業
1215,卜蜂,02,食品工業
1216,統一,02,食品工業
1217,愛之味,02,食品工業
1218,泰山,02,食品工業
1219,福壽,02,食品工業
1220,台榮,02,食品工業
1225,福懋油,02,食品工業
1227,佳格,02,食品工業
1229,聯華,02,食品工業
1231,聯華食,02,食品工業
1232,大統益,02,食品工業
1233,天仁,02,食品工業
1234,黑松,02,食品工業
1235,興泰,02,食品工業
1236,宏亞,02,食品工業
1301,台塑,03,塑膠工業
1303,南亞,03,塑膠工業
1304,台聚,03,塑膠工業
1305,華夏,03,塑膠工業
1307,三芳,03,塑膠工業
1308,亞聚,03,塑膠工業
1309,台達化,03,塑膠工業
1310,台苯,03,塑膠工業
1312,國喬,03,塑膠工業
1312A,國喬特,03,塑膠工業
1313,聯成,03,塑膠工業
1314,中石化,03,塑膠工業
1315,達新,03,塑膠工業
1316,上曜,03,塑膠工業
1319,東陽,03,塑膠工業
1321,大洋,03,塑膠工業
1323,永裕,03,塑膠工業
1324,地球,03,塑膠工業
1325,恆大,03,塑膠工業
1326,台化,03,塑膠工業
1337,F-再生,03,塑膠工業
1338,F-廣華,12,汽車工業
1339,昭輝,03,塑膠工業
1402,遠東新,04,紡織纖維
1409,新纖,04,紡織纖維
1410,南染,04,紡織纖維
1413,宏洲,04,紡織纖維
1414,東和,04,紡織纖維
1416,廣豐,04,紡織纖維
1417,嘉裕,04,紡織纖維
1418,東華,04,紡織纖維
1419,新紡,04,紡織纖維
1423,利華,04,紡織纖維
1432,大魯閣,04,紡織纖維
1434,福懋,04,紡織纖維
1435,中福,20,其他
1436,華友聯,14,建材營造
1437,勤益,13,電子工業
1438,裕豐,14,建材營造
1439,中和,04,紡織纖維
1440,南紡,04,紡織纖維
1441,大東,04,紡織纖維
1442,名軒,14,建材營造
1443,立益,04,紡織纖維
1444,力麗,04,紡織纖維
1445,大宇,04,紡織纖維
1446,宏和,04,紡織纖維
1447,力鵬,04,紡織纖維
1449,佳和,04,紡織纖維
1451,年興,04,紡織纖維
1452,宏益,04,紡織纖維
1453,大將,04,紡織纖維
1454,台富,04,紡織纖維
1455,集盛,04,紡織纖維
1456,怡華,04,紡織纖維
1457,宜進,04,紡織纖維
1459,聯發,04,紡織纖維
1460,宏遠,04,紡織纖維
1463,強盛,04,紡織纖維
1464,得力,04,紡織纖維
1465,偉全,04,紡織纖維
1466,聚隆,04,紡織纖維
1467,南緯,04,紡織纖維
1468,昶和,04,紡織纖維
1469,理隆,04,紡織纖維
1470,大統染,04,紡織纖維
1471,首利,13,電子工業
1472,三洋紡,04,紡織纖維
1473,台南,04,紡織纖維
1474,弘裕,04,紡織纖維
1475,本盟,04,紡織纖維
1476,儒鴻,04,紡織纖維
1477,聚陽,04,紡織纖維
1503,士電,05,電機機械
1504,東元,05,電機機械
1506,正道,05,電機機械
1507,永大,05,電機機械
1512,瑞利,05,電機機械
1513,中興電,05,電機機械
1514,亞力,05,電機機械
1515,力山,05,電機機械
1516,川飛,20,其他
1517,利奇,05,電機機械
1519,華城,05,電機機械
1521,大億,05,電機機械
1522,堤維西,05,電機機械
1524,耿鼎,05,電機機械
1525,江申,05,電機機械
1526,日馳,05,電機機械
1527,鑽全,05,電機機械
1528,恩德,05,電機機械
1529,樂士,05,電機機械
1530,亞崴,05,電機機械
1531,高林股,05,電機機械
1532,勤美,10,鋼鐵工業
1533,車王電,05,電機機械
1535,中宇,05,電機機械
1536,和大,05,電機機械
1537,廣隆,05,電機機械
1538,正峰新,05,電機機械
1539,巨庭,05,電機機械
1540,喬福,05,電機機械
1541,錩泰,05,電機機械
1560,中砂,05,電機機械
1582,信錦,13,電子工業
1583,程泰,05,電機機械
1589,F-永冠,05,電機機械
1590,F-亞德,05,電機機械
1603,華電,06,電器電纜
1604,聲寶,06,電器電纜
1605,華新,06,電器電纜
1608,華榮,06,電器電纜
1609,大亞,06,電器電纜
1611,中電,06,電器電纜
1612,宏泰,06,電器電纜
1613,台一,06,電器電纜
1614,三洋電,06,電器電纜
1615,大山,06,電器電纜
1616,億泰,06,電器電纜
1617,榮星,06,電器電纜
1618,合機,06,電器電纜
1626,F-艾美,06,電器電纜
1701,中化,07,化學生技醫療
1702,南僑,02,食品工業
1704,榮化,07,化學生技醫療
1707,葡萄王,07,化學生技醫療
1708,東鹼,07,化學生技醫療
1709,和益,07,化學生技醫療
1710,東聯,07,化學生技醫療
1711,永光,07,化學生技醫療
1712,興農,07,化學生技醫療
1713,國化,07,化學生技醫療
1714,和桐,07,化學生技醫療
1715,萬洲,03,塑膠工業
1717,長興,07,化學生技醫療
1718,中纖,07,化學生技醫療
1720,生達,07,化學生技醫療
1721,三晃,07,化學生技醫療
1722,台肥,07,化學生技醫療
1723,中碳,07,化學生技醫療
1724,台硝,07,化學生技醫療
1725,元禎,07,化學生技醫療
1726,永記,07,化學生技醫療
1727,中華化,07,化學生技醫療
1729,必翔,07,化學生技醫療
1730,花仙子,07,化學生技醫療
1731,美吾華,07,化學生技醫療
1732,毛寶,07,化學生技醫療
1733,五鼎,07,化學生技醫療
1734,杏輝,07,化學生技醫療
1735,日勝化,07,化學生技醫療
1736,喬山,07,化學生技醫療
1762,中化生,07,化學生技醫療
1773,勝一,07,化學生技醫療
1786,科妍,07,化學生技醫療
1789,神隆,07,化學生技醫療
1802,台玻,08,玻璃陶瓷
1805,寶徠,14,建材營造
1806,冠軍,08,玻璃陶瓷
1808,潤隆,14,建材營造
1809,中釉,08,玻璃陶瓷
1810,和成,08,玻璃陶瓷
1817,凱撒衛,08,玻璃陶瓷
1902,台紙,09,造紙工業
1903,士紙,09,造紙工業
1904,正隆,09,造紙工業
1905,華紙,09,造紙工業
1906,寶隆,09,造紙工業
1907,永豐餘,09,造紙工業
1909,榮成,09,造紙工業
2002,中鋼,10,鋼鐵工業
2002A,中鋼特,10,鋼鐵工業
2006,東鋼,10,鋼鐵工業
2007,燁興,10,鋼鐵工業
2009,第一銅,10,鋼鐵工業
2010,春源,10,鋼鐵工業
2012,春雨,10,鋼鐵工業
2013,中鋼構,10,鋼鐵工業
2014,中鴻,10,鋼鐵工業
2015,豐興,10,鋼鐵工業
2017,官田鋼,10,鋼鐵工業
2020,美亞,10,鋼鐵工業
2022,聚亨,10,鋼鐵工業
2023,燁輝,10,鋼鐵工業
2024,志聯,10,鋼鐵工業
2025,千興,10,鋼鐵工業
2027,大成鋼,10,鋼鐵工業
2028,威致,10,鋼鐵工業
2029,盛餘,10,鋼鐵工業
2030,彰源,10,鋼鐵工業
2031,新光鋼,10,鋼鐵工業
2032,新鋼,10,鋼鐵工業
2033,佳大,10,鋼鐵工業
2034,允強,10,鋼鐵工業
2038,海光,10,鋼鐵工業
2049,上銀,05,電機機械
2059,川湖,13,電子工業
2062,橋椿,20,其他
2101,南港,11,橡膠工業
2102,泰豐,11,橡膠工業
2103,台橡,11,橡膠工業
2104,中橡,11,橡膠工業
2105,正新,11,橡膠工業
2106,建大,11,橡膠工業
2107,厚生,11,橡膠工業
2108,南帝,11,橡膠工業
2114,鑫永銓,11,橡膠工業
2201,裕隆,12,汽車工業
2204,中華,12,汽車工業
2206,三陽,12,汽車工業
2207,和泰車,12,汽車工業
2208,台船,15,航運業
2227,裕日車,12,汽車工業
2228,劍麟,05,電機機械
2231,為升,05,電機機械
2301,光寶科,13,電子工業
2302,麗正,13,電子工業
2303,聯電,13,電子工業
2305,全友,13,電子工業
2308,台達電,13,電子工業
2311,日月光,13,電子工業
2312,金寶,31,其他電子業
2313,華通,13,電子工業
2314,台揚,13,電子工業
2316,楠梓電,13,電子工業
2317,鴻海,31,其他電子業
2321,東訊,13,電子工業
2323,中環,13,電子工業
2324,仁寶,13,電子工業
2325,矽品,13,電子工業
2327,國巨,13,電子工業
2328,廣宇,13,電子工業
2329,華泰,13,電子工業
2330,台積電,13,電子工業
2331,精英,13,電子工業
2332,友訊,13,電子工業
2337,旺宏,13,電子工業
2338,光罩,13,電子工業
2340,光磊,13,電子工業
2342,茂矽,13,電子工業
2344,華邦電,13,電子工業
2345,智邦,13,電子工業
2347,聯強,13,電子工業
2348,海悅,13,電子工業
2349,錸德,13,電子工業
2351,順德,13,電子工業
2352,佳世達,13,電子工業
2353,宏碁,13,電子工業
2354,鴻準,31,其他電子業
2355,敬鵬,13,電子工業
2356,英業達,13,電子工業
2357,華碩,13,電子工業
2358,美格,13,電子工業
2359,所羅門,13,電子工業
2360,致茂,31,其他電子業
2361,鴻友,13,電子工業
2362,藍天,13,電子工業
2363,矽統,13,電子工業
2364,倫飛,13,電子工業
2365,昆盈,13,電子工業
2367,燿華,13,電子工業
2368,金像電,13,電子工業
2369,菱生,13,電子工業
2371,大同,05,電機機械
2373,震旦行,31,其他電子業
2374,佳能,13,電子工業
2375,智寶,13,電子工業
2376,技嘉,13,電子工業
2377,微星,13,電子工業
2379,瑞昱,13,電子工業
2380,虹光,13,電子工業
2382,廣達,13,電子工業
2383,台光電,13,電子工業
2384,勝華,13,電子工業
2385,群光,13,電子工業
2387,精元,13,電子工業
2388,威盛,13,電子工業
2390,云辰,31,其他電子業
2392,正崴,13,電子工業
2393,億光,13,電子工業
2395,研華,13,電子工業
2397,友通,13,電子工業
2399,映泰,13,電子工業
2401,凌陽,13,電子工業
2402,毅嘉,13,電子工業
2404,漢唐,31,其他電子業
2405,浩鑫,13,電子工業
2406,國碩,13,電子工業
2408,南科,13,電子工業
2409,友達,13,電子工業
2412,中華電,13,電子工業
2413,環科,13,電子工業
2414,精技,13,電子工業
2415,錩新,13,電子工業
2417,圓剛,13,電子工業
2419,仲琦,13,電子工業
2420,新巨,13,電子工業
2421,建準,13,電子工業
2423,固緯,31,其他電子業
2424,隴華,13,電子工業
2425,承啟,13,電子工業
2426,鼎元,13,電子工業
2427,三商電,30,資訊服務業
2428,興勤,13,電子工業
2429,銘旺科,13,電子工業
2430,燦坤,13,電子工業
2431,聯昌,13,電子工業
2433,互盛電,31,其他電子業
2434,統懋,13,電子工業
2436,偉詮電,13,電子工業
2437,旺詮,13,電子工業
2438,英誌,13,電子工業
2439,美律,13,電子工業
2440,太空梭,13,電子工業
2441,超豐,13,電子工業
2442,新美齊,13,電子工業
2443,新利虹,13,電子工業
2444,友旺,13,電子工業
2448,晶電,13,電子工業
2449,京元電,13,電子工業
2450,神腦,13,電子工業
2451,創見,13,電子工業
2453,凌群,30,資訊服務業
2454,聯發科,13,電子工業
2455,全新,13,電子工業
2456,奇力新,13,電子工業
2457,飛宏,13,電子工業
2458,義隆,13,電子工業
2459,敦吉,13,電子工業
2460,建通,13,電子工業
2461,光群雷,31,其他電子業
2462,良得電,13,電子工業
2464,盟立,31,其他電子業
2465,麗臺,13,電子工業
2466,冠西電,13,電子工業
2467,志聖,13,電子工業
2468,華經,30,資訊服務業
2471,資通,30,資訊服務業
2472,立隆電,13,電子工業
2474,可成,31,其他電子業
2475,華映,13,電子工業
2476,鉅祥,13,電子工業
2477,美隆電,31,其他電子業
2478,大毅,13,電子工業
2480,敦陽科,30,資訊服務業
2481,強茂,13,電子工業
2482,連宇,31,其他電子業
2483,百容,13,電子工業
2484,希華,13,電子工業
2485,兆赫,13,電子工業
2486,一詮,13,電子工業
2488,漢平,31,其他電子業
2489,瑞軒,13,電子工業
2491,吉祥全,13,電子工業
2492,華新科,13,電子工業
2493,揚博,13,電子工業
2495,普安,31,其他電子業
2496,卓越,13,電子工業
2497,怡利電,31,其他電子業
2498,宏達電,13,電子工業
2499,東貝,13,電子工業
2501,國建,14,建材營造
2504,國產,14,建材營造
2505,國揚,14,建材營造
2506,太設,14,建材營造
2509,全坤建,14,建材營造
2511,太子,14,建材營造
2514,龍邦,20,其他
2515,中工,14,建材營造
2516,新建,14,建材營造
2520,冠德,14,建材營造
2524,京城,14,建材營造
2527,宏璟,14,建材營造
2528,皇普,14,建材營造
2530,華建,14,建材營造
2534,宏盛,14,建材營造
2535,達欣工,14,建材營造
2536,宏普,14,建材營造
2537,聯上發,14,建材營造
2538,基泰,14,建材營造
2539,櫻花建,14,建材營造
2540,愛山林,14,建材營造
2542,興富發,14,建材營造
2543,皇昌,14,建材營造
2545,皇翔,14,建材營造
2546,根基,14,建材營造
2547,日勝生,14,建材營造
2548,華固,14,建材營造
2597,潤弘,14,建材營造
2601,益航,15,航運業
2603,長榮,15,航運業
2605,新興,15,航運業
2606,裕民,15,航運業
2607,榮運,15,航運業
2608,大榮,15,航運業
2609,陽明,15,航運業
2610,華航,15,航運業
2611,志信,15,航運業
2612,中航,15,航運業
2613,中櫃,15,航運業
2614,東森,15,航運業
2615,萬海,15,航運業
2616,山隆,23,油電燃氣業
2617,台航,15,航運業
2618,長榮航,15,航運業
2637,F-慧洋,15,航運業
2642,宅配通,15,航運業
2701,萬企,16,觀光事業
2702,華園,16,觀光事業
2704,國賓,16,觀光事業
2705,六福,16,觀光事業
2706,第一店,16,觀光事業
2707,晶華,16,觀光事業
2712,遠雄來,16,觀光事業
2722,夏都,16,觀光事業
2723,F-美食,16,觀光事業
2727,王品,16,觀光事業
2731,雄獅,16,觀光事業
2801,彰銀,17,金融保險
2809,京城銀,17,金融保險
2812,台中銀,17,金融保險
2816,旺旺保,17,金融保險
2820,華票,17,金融保險
2823,中壽,17,金融保險
2832,台產,17,金融保險
2833,台壽保,17,金融保險
2833A,台壽甲,17,金融保險
2834,臺企銀,17,金融保險
2836,高雄銀,17,金融保險
2837,萬泰銀,17,金融保險
2838,聯邦銀,17,金融保險
2841,台開,14,建材營造
2845,遠東銀,17,金融保險
2847,大眾銀,17,金融保險
2849,安泰銀,17,金融保險
2850,新產,17,金融保險
2851,中再保,17,金融保險
2852,第一保,17,金融保險
2855,統一證,17,金融保險
2856,元富證,17,金融保險
2867,三商壽,17,金融保險
2880,華南金,17,金融保險
2881,富邦金,17,金融保險
2882,國泰金,17,金融保險
2883,開發金,17,金融保險
2884,玉山金,17,金融保險
2885,元大金,17,金融保險
2886,兆豐金,17,金融保險
2887,台新金,17,金融保險
2888,新光金,17,金融保險
2889,國票金,17,金融保險
2890,永豐金,17,金融保險
2891,中信金,17,金融保險
2892,第一金,17,金融保險
2901,欣欣,18,貿易百貨
2903,遠百,18,貿易百貨
2904,匯僑,20,其他
2905,三商行,18,貿易百貨
2906,高林,18,貿易百貨
2908,特力,18,貿易百貨
2910,統領,18,貿易百貨
2911,麗嬰房,18,貿易百貨
2912,統一超,18,貿易百貨
2913,農林,18,貿易百貨
2915,潤泰全,18,貿易百貨
2923,F-鼎固,14,建材營造
3002,歐格,13,電子工業
3003,健和興,13,電子工業
3004,豐達科,10,鋼鐵工業
3005,神基,13,電子工業
3006,晶豪科,13,電子工業
3008,大立光,13,電子工業
3010,華立,13,電子工業
3011,今皓,13,電子工業
3013,晟銘電,13,電子工業
3014,聯陽,13,電子工業
3015,全漢,13,電子工業
3016,嘉晶,13,電子工業
3017,奇鋐,13,電子工業
3018,同開,31,其他電子業
3019,亞光,13,電子工業
3021,鴻名,30,資訊服務業
3022,威強電,13,電子工業
3023,信邦,13,電子工業
3024,憶聲,13,電子工業
3025,星通,13,電子工業
3026,禾伸堂,13,電子工業
3027,盛達,13,電子工業
3028,增你強,13,電子工業
3029,零壹,30,資訊服務業
3030,德律,31,其他電子業
3031,佰鴻,13,電子工業
3032,偉訓,13,電子工業
3033,威健,13,電子工業
3034,聯詠,13,電子工業
3035,智原,13,電子工業
3036,文曄,13,電子工業
3037,欣興,13,電子工業
3038,全台,13,電子工業
3040,遠見,13,電子工業
3041,揚智,13,電子工業
3042,晶技,13,電子工業
3043,科風,31,其他電子業
3044,健鼎,13,電子工業
3045,台灣大,13,電子工業
3046,建碁,13,電子工業
3047,訊舟,13,電子工業
3048,益登,13,電子工業
3049,和鑫,13,電子工業
3050,鈺德,13,電子工業
3051,力特,13,電子工業
3052,夆典,14,建材營造
3054,萬國,13,電子工業
3055,蔚華科,13,電子工業
3056,總太,14,建材營造
3057,喬鼎,13,電子工業
3058,立德,13,電子工業
3059,華晶科,13,電子工業
3060,銘異,13,電子工業
3061,璨圓,13,電子工業
3062,建漢,13,電子工業
3090,日電貿,13,電子工業
3094,聯傑,13,電子工業
3130,一零四,30,資訊服務業
3149,正達,13,電子工業
3164,景岳,07,化學生技醫療
3167,大量,05,電機機械
3189,景碩,13,電子工業
3209,全科,13,電子工業
3229,晟鈦,13,電子工業
3231,緯創,13,電子工業
3257,虹冠電,13,電子工業
3296,勝德,13,電子工業
3305,昇貿,31,其他電子業
3308,聯德,13,電子工業
3311,閎暉,13,電子工業
3312,弘憶股,13,電子工業
3315,宣昶,13,電子工業
3338,泰碩,13,電子工業
3356,奇偶,13,電子工業
3376,新日興,13,電子工業
3380,明泰,13,電子工業
3383,新世紀,13,電子工業
3406,玉晶光,13,電子工業
3419,譁裕,13,電子工業
3432,台端,13,電子工業
3443,創意,13,電子工業
3450,聯鈞,31,其他電子業
3454,晶睿,13,電子工業
3474,華亞科,13,電子工業
3481,群創,13,電子工業
3494,誠研,13,電子工業
3501,維熹,13,電子工業
3504,揚明光,13,電子工業
3514,昱晶,13,電子工業
3515,華擎,13,電子工業
3518,柏騰,31,其他電子業
3519,綠能,13,電子工業
3532,台勝科,13,電子工業
3533,嘉澤,13,電子工業
3535,晶彩科,13,電子工業
3536,誠創,13,電子工業
3545,旭曜,13,電子工業
3550,聯穎,13,電子工業
3557,嘉威,13,電子工業
3559,全智科,13,電子工業
3561,昇陽科,13,電子工業
3573,穎台,13,電子工業
3576,新日光,13,電子工業
3579,尚志,13,電子工業
3583,辛耘,13,電子工業
3584,介面,13,電子工業
3588,通嘉,13,電子工業
3591,艾笛森,13,電子工業
3593,力銘,13,電子工業
3596,智易,13,電子工業
3598,奕力,13,電子工業
3605,宏致,13,電子工業
3607,谷崧,13,電子工業
3617,碩天,31,其他電子業
3622,洋華,13,電子工業
3638,F-IML,13,電子工業
3645,達邁,13,電子工業
3653,健策,13,電子工業
3665,F-貿聯,31,其他電子業
3669,圓展,13,電子工業
3673,F-TPK,13,電子工業
3679,新至陞,13,電子工業
3682,亞太電,13,電子工業
3686,達能,13,電子工業
3694,海華,13,電子工業
3697,F-晨星,13,電子工業
3698,隆達,13,電子工業
3701,大眾控,13,電子工業
3702,大聯大,13,電子工業
3703,欣陸,14,建材營造
3704,合勤控,13,電子工業
3705,永信,07,化學生技醫療
3706,神達,13,電子工業
4104,佳醫,07,化學生技醫療
4106,雃博,07,化學生技醫療
4108,懷特,07,化學生技醫療
4119,旭富,07,化學生技醫療
4133,亞諾法,07,化學生技醫療
4137,F-麗豐,07,化學生技醫療
4141,F-龍燈,07,化學生技醫療
4142,國光生,07,化學生技醫療
4144,F-康聯,07,化學生技醫療
4164,承業醫,07,化學生技醫療
4306,炎洲,03,塑膠工業
4414,如興,04,紡織纖維
4426,利勤,04,紡織纖維
4526,東台,05,電機機械
4532,瑞智,05,電機機械
4536,拓凱,20,其他
4722,國精化,07,化學生技醫療
4725,信昌化,07,化學生技醫療
4733,上緯,07,化學生技醫療
4737,華廣,07,化學生技醫療
4746,台耀,07,化學生技醫療
4755,三福化,07,化學生技醫療
4904,遠傳,13,電子工業
4906,正文,13,電子工業
4915,致伸,13,電子工業
4916,事欣科,13,電子工業
4919,新唐,13,電子工業
4930,燦星網,06,電器電纜
4934,太極,13,電子工業
4935,F-茂林,13,電子工業
4938,和碩,13,電子工業
4942,嘉彰,13,電子工業
4952,凌通,13,電子工業
4956,光鋐,13,電子工業
4958,F-臻鼎,13,電子工業
4960,奇美材,13,電子工業
4976,佳凌,13,電子工業
4977,F-眾達,13,電子工業
4984,F-科納,13,電子工業
4999,鑫禾,13,電子工業
5007,三星,10,鋼鐵工業
5203,訊連,30,資訊服務業
5215,F-科嘉,13,電子工業
5225,F-東科,31,其他電子業
5234,達興,13,電子工業
5243,F-乙盛,13,電子工業
5259,清惠,13,電子工業
5264,F-鎧勝,13,電子工業
5269,祥碩,13,電子工業
5280,F-敦泰,13,電子工業
5305,敦南,13,電子工業
5388,中磊,13,電子工業
5434,崇越,13,電子工業
5469,瀚宇博,13,電子工業
5471,松翰,13,電子工業
5484,慧友,13,電子工業
5515,建國,14,建材營造
5521,工信,14,建材營造
5522,遠雄,14,建材營造
5525,順天,14,建材營造
5531,鄉林,14,建材營造
5533,皇鼎,14,建材營造
5534,長虹,14,建材營造
5538,F-東明,10,鋼鐵工業
5607,遠雄港,15,航運業
5608,四維航,15,航運業
5706,鳳凰,16,觀光事業
5871,F-中租,20,其他
5880,合庫金,17,金融保險
5906,F-台南,18,貿易百貨
5907,F-大洋,18,貿易百貨
6005,群益證,17,金融保險
6108,競國,13,電子工業
6112,聚碩,30,資訊服務業
6115,鎰勝,13,電子工業
6116,彩晶,13,電子工業
6117,迎廣,13,電子工業
6120,輔祥,13,電子工業
6128,上福,13,電子工業
6131,悠克,13,電子工業
6133,金橋,13,電子工業
6136,富爾特,13,電子工業
6139,亞翔,31,其他電子業
6141,柏承,13,電子工業
6142,友勁,13,電子工業
6145,勁永,13,電子工業
6152,百一,13,電子工業
6153,嘉聯益,13,電子工業
6155,鈞寶,13,電子工業
6164,華興,13,電子工業
6165,捷泰,13,電子工業
6166,凌華,13,電子工業
6168,宏齊,13,電子工業
6172,互億,13,電子工業
6176,瑞儀,13,電子工業
6177,達麗,14,建材營造
6183,關貿,30,資訊服務業
6184,大豐電,20,其他
6189,豐藝,13,電子工業
6191,精成科,13,電子工業
6192,巨路,31,其他電子業
6196,帆宣,31,其他電子業
6197,佳必琪,13,電子工業
6201,亞弘電,31,其他電子業
6202,盛群,13,電子工業
6205,詮欣,13,電子工業
6206,飛捷,13,電子工業
6209,今國光,13,電子工業
6213,聯茂,13,電子工業
6214,精誠,30,資訊服務業
6215,和椿,31,其他電子業
6216,居易,13,電子工業
6224,聚鼎,13,電子工業
6225,天瀚,13,電子工業
6226,光鼎,13,電子工業
6230,超眾,13,電子工業
6235,華孚,13,電子工業
6239,力成,13,電子工業
6243,迅杰,13,電子工業
6251,定穎,13,電子工業
6257,矽格,13,電子工業
6269,台郡,13,電子工業
6271,同欣電,13,電子工業
6277,宏正,13,電子工業
6278,台表科,13,電子工業
6281,全國電,13,電子工業
6282,康舒,13,電子工業
6283,淳安,13,電子工業
6285,啟碁,13,電子工業
6286,立錡,13,電子工業
6289,華上,13,電子工業
6405,悅城,13,電子工業
6412,群電,13,電子工業
6415,F-矽力,13,電子工業
6504,南六,20,其他
6505,台塑化,23,油電燃氣業
6605,帝寶,05,電機機械
6702,復航,15,航運業
8011,台通,13,電子工業
8016,矽創,13,電子工業
8021,尖點,31,其他電子業
8033,雷虎,20,其他
8039,台虹,13,電子工業
8046,南電,13,電子工業
8070,長華,13,電子工業
8072,陞泰,13,電子工業
8078,華寶,13,電子工業
8081,致新,13,電子工業
8101,華冠,13,電子工業
8103,瀚荃,13,電子工業
8105,凌巨,13,電子工業
8110,華東,13,電子工業
8112,至上,13,電子工業
8114,振樺電,13,電子工業
8131,福懋科,13,電子工業
8163,達方,13,電子工業
8201,無敵,31,其他電子業
8210,勤誠,13,電子工業
8213,志超,13,電子工業
8215,明基材,13,電子工業
8249,菱光,13,電子工業
8261,富鼎,13,電子工業
8271,宇瞻,13,電子工業
8374,羅昇,05,電機機械
8404,F-百和,20,其他
8411,F-福貞,20,其他
8422,可寧衛,20,其他
8427,F-基勝,20,其他
8429,F-金麗,18,貿易百貨
8926,台汽電,23,油電燃氣業
8940,新天地,16,觀光事業
910069,新曄,9299,存託憑證
9103,美德醫,9299,存託憑證
910322,康師傅,9299,存託憑證
910482,聖馬丁,9299,存託憑證
9105,泰金寶,9299,存託憑證
9106,新焦點,9299,存託憑證
910708,新傳媒,9299,存託憑證
910801,金衛,9299,存託憑證
910861,神州,9299,存託憑證
910948,融達,9299,存託憑證
9110,越南控,9299,存託憑證
911201,僑威控,9299,存託憑證
911608,明輝,9299,存託憑證
911609,揚子江,9299,存託憑證
911610,聯環,9299,存託憑證
911611,中泰山,9299,存託憑證
911612,滬安,9299,存託憑證
911616,杜康,9299,存託憑證
911619,HISAKA,9299,存託憑證
911622,泰聚亨,9299,存託憑證
911626,MSH,9299,存託憑證
911868,真明麗,9299,存託憑證
912000,晨訊科,9299,存託憑證
912398,友佳,9299,存託憑證
9136,巨騰,9299,存託憑證
913889,大成糖,9299,存託憑證
9157,陽光能,9299,存託憑證
9188,精熙,9299,存託憑證
9802,F-鈺齊,20,其他
9902,台火,20,其他
9904,寶成,20,其他
9905,大華,20,其他
9906,欣巴巴,20,其他
9907,統一實,20,其他
9908,大台北,23,油電燃氣業
9910,豐泰,20,其他
9911,櫻花,20,其他
9912,偉聯,13,電子工業
9914,美利達,20,其他
9917,中保,20,其他
9918,欣天然,23,油電燃氣業
9919,康那香,20,其他
9921,巨大,20,其他
9924,福興,20,其他
9925,新保,20,其他
9926,新海,23,油電燃氣業
9927,泰銘,20,其他
9928,中視,20,其他
9929,秋雨,20,其他
9930,中聯資,20,其他
9931,欣高,23,油電燃氣業
9933,中鼎,20,其他
9934,成霖,20,其他
9935,慶豐富,20,其他
9937,全國,23,油電燃氣業
9938,百和,20,其他
9939,宏全,20,其他
9940,信義,20,其他
9941,裕融,20,其他
9942,茂順,20,其他
9943,好樂迪,20,其他
9944,新麗,20,其他
9945,潤泰新,20,其他
9946,三發,14,建材營造
9955,佳龍,20,其他
9958,世紀鋼,10,鋼鐵工業
006201,寶富櫃,EE,上櫃指數股票型基金(ETF)
1256,F-鮮活,02,食品工業
1258,F-其祥,02,食品工業
1259,安心,16,觀光事業
1333,恩得利,28,電子零組件業
1336,台翰,28,電子零組件業
1558,伸興,05,電機機械
1565,精華,22,生技醫療業
1566,捷邦,05,電機機械
1569,濱川,25,電腦及週邊設備業
1570,力肯,05,電機機械
1580,新麥,05,電機機械
1584,精剛,20,其他
1586,和勤,05,電機機械
1591,F-駿吉,05,電機機械
1593,祺驊,22,生技醫療業
1595,川寶,28,電子零組件業
1597,直得,05,電機機械
1599,宏佳騰,05,電機機械
1742,台蠟,21,化學工業
1752,南光,22,生技醫療業
1777,生泰,22,生技醫療業
1781,合世,22,生技醫療業
1784,訊聯,22,生技醫療業
1785,光洋科,31,其他電子業
1787,福盈科,21,化學工業
1788,杏昌,22,生技醫療業
1795,美時,22,生技醫療業
1799,紅電醫,22,生技醫療業
1813,寶利徠,22,生技醫療業
1815,富喬,28,電子零組件業
2035,唐榮,10,鋼鐵工業
2061,風青,06,電器電纜
2063,世鎧,10,鋼鐵工業
2066,世德,05,電機機械
2221,大甲,20,其他
2230,泰茂,05,電機機械
2233,宇隆,05,電機機械
2596,綠意,14,建材營造
2636,台驊,15,航運業
2640,大車隊,20,其他
2718,桃園店,16,觀光事業
2719,燦星旅,16,觀光事業
2724,F-富驛,16,觀光事業
2729,瓦城,16,觀光事業
2734,易飛網,16,觀光事業
2916,滿心,18,貿易百貨
2924,F-東凌,18,貿易百貨
2926,誠品生,32,文化創意業
3064,泰偉,32,文化創意業
3066,李洲,26,光電業
3067,全域,31,其他電子業
3068,美磊,27,通信網路業
3071,協禧,25,電腦及週邊設備業
3073,普格,24,半導體業
3078,僑威,28,電子零組件業
3083,網龍,32,文化創意業
3085,久大,30,資訊服務業
3086,華義,32,文化創意業
3088,艾訊,25,電腦及週邊設備業
3089,展成,28,電子零組件業
3092,鴻碩,28,電子零組件業
3093,港建,31,其他電子業
3095,及成,27,通信網路業
3105,穩懋,24,半導體業
3114,好德,28,電子零組件業
3115,寶島極,28,電子零組件業
3118,進階,22,生技醫療業
3126,信億,25,電腦及週邊設備業
3128,昇銳,26,光電業
3131,弘塑,31,其他電子業
3144,新揚科,28,電子零組件業
3152,璟德,27,通信網路業
3162,精確,05,電機機械
3163,波若威,27,通信網路業
3169,亞信,24,半導體業
3171,新洲,25,電腦及週邊設備業
3176,基亞,22,生技醫療業
3188,安茂,24,半導體業
3191,和進,28,電子零組件業
3202,樺晟,28,電子零組件業
3205,佰研,22,生技醫療業
3206,志豐,28,電子零組件業
3207,耀勝,28,電子零組件業
3211,順達,25,電腦及週邊設備業
3213,茂訊,25,電腦及週邊設備業
3217,優群,28,電子零組件業
3218,大學光,22,生技醫療業
3219,倚強,24,半導體業
3221,台嘉碩,27,通信網路業
3224,三顧,29,電子通路業
3226,至寶電,28,電子零組件業
3227,原相,24,半導體業
3228,金麗科,24,半導體業
3230,錦明,26,光電業
3232,昱捷,29,電子通路業
3234,光環,27,通信網路業
3236,千如,28,電子零組件業
3252,海灣,24,半導體業
3259,鑫創,24,半導體業
3260,威剛,24,半導體業
3264,欣銓,24,半導體業
3265,台星科,24,半導體業
3266,昇陽,14,建材營造
3268,海德威,24,半導體業
3276,宇環,28,電子零組件業
3284,太普高,20,其他
3285,微端,31,其他電子業
3287,廣寰科,25,電腦及週邊設備業
3288,點晶,28,電子零組件業
3289,宜特,31,其他電子業
3290,東浦,27,通信網路業
3291,遠翔科,24,半導體業
3293,鈊象,32,文化創意業
3294,英濟,28,電子零組件業
3297,杭特,26,光電業
3299,帛漢,28,電子零組件業
3303,岱稜,31,其他電子業
3306,鼎天,27,通信網路業
3310,佳穎,28,電子零組件業
3313,斐成,28,電子零組件業
3317,尼克森,24,半導體業
3322,建舜電,28,電子零組件業
3323,加百裕,25,電腦及週邊設備業
3324,雙鴻,31,其他電子業
3325,旭品,25,電腦及週邊設備業
3332,幸康,28,電子零組件業
3339,泰谷,26,光電業
3354,律勝,28,電子零組件業
3360,尚立,29,電子通路業
3362,先進光,26,光電業
3363,上詮,27,通信網路業
3372,典範,24,半導體業
3373,熱映,31,其他電子業
3379,彬台,05,電機機械
3388,崇越電,28,電子零組件業
3390,旭軟,28,電子零組件業
3402,漢科,31,其他電子業
3416,融程電,25,電腦及週邊設備業
3428,光燿科,26,光電業
3431,長天,27,通信網路業
3434,哲固,26,光電業
3438,類比科,24,半導體業
3441,聯一光,26,光電業
3444,利機,29,電子通路業
3452,益通,26,光電業
3455,由田,26,光電業
3465,祥業,28,電子零組件業
3466,致振,27,通信網路業
3479,安勤,25,電腦及週邊設備業
3483,力致,25,電腦及週邊設備業
3484,崧騰,28,電子零組件業
3489,森寶,25,電腦及週邊設備業
3490,單井,26,光電業
3491,昇達科,27,通信網路業
3498,陽程,31,其他電子業
3499,環天科,27,通信網路業
3508,位速,31,其他電子業
3511,矽瑪,28,電子零組件業
3512,能緹,28,電子零組件業
3516,亞帝歐,26,光電業
3520,振維,28,電子零組件業
3521,鴻翊,25,電腦及週邊設備業
3522,宏森,26,光電業
3523,迎輝,26,光電業
3526,凡甲,28,電子零組件業
3527,聚積,24,半導體業
3528,安馳,29,電子通路業
3529,力旺,24,半導體業
3531,先益,26,光電業
3537,堡達,28,電子零組件業
3540,曜越,25,電腦及週邊設備業
3541,西柏,31,其他電子業
3546,宇峻,32,文化創意業
3548,兆利,28,電子零組件業
3551,世禾,31,其他電子業
3552,同致,31,其他電子業
3553,力積,24,半導體業
3555,擎泰,24,半導體業
3556,禾瑞亞,24,半導體業
3558,神準,27,通信網路業
3562,頂晶科,26,光電業
3563,牧德,31,其他電子業
3564,其陽,27,通信網路業
3567,逸昌,24,半導體業
3570,大塚,30,資訊服務業
3577,泓格,25,電腦及週邊設備業
3580,友威科,31,其他電子業
3582,凌耀,24,半導體業
3587,閎康,31,其他電子業
3594,磐儀,25,電腦及週邊設備業
3609,東林,28,電子零組件業
3611,鼎翰,25,電腦及週邊設備業
3615,安可,26,光電業
3623,富晶通,26,光電業
3624,光頡,28,電子零組件業
3625,西勝,25,電腦及週邊設備業
3628,盈正,31,其他電子業
3629,卓韋,26,光電業
3630,新鉅科,26,光電業
3631,晟楠,28,電子零組件業
3632,研勤,27,通信網路業
3642,駿熠電,31,其他電子業
3646,艾恩特,28,電子零組件業
3652,精聯,25,電腦及週邊設備業
3658,漢微科,24,半導體業
3662,樂陞,32,文化創意業
3663,鑫科,31,其他電子業
3664,F-安瑞,27,通信網路業
3675,德微,24,半導體業
3680,家登,24,半導體業
3685,政翔,26,光電業
3687,歐買尬,32,文化創意業
3689,湧德,28,電子零組件業
3691,碩禾,26,光電業
3693,營邦,25,電腦及週邊設備業
4102,永日,22,生技醫療業
4103,百略,22,生技醫療業
4105,東洋,22,生技醫療業
4107,邦特,22,生技醫療業
4109,穆拉德,22,生技醫療業
4111,濟生,22,生技醫療業
4113,聯上,14,建材營造
4114,健喬,22,生技醫療業
4120,友華,22,生技醫療業
4121,優盛,22,生技醫療業
4123,晟德,22,生技醫療業
4126,太醫,22,生技醫療業
4127,天良,22,生技醫療業
4128,中天,22,生技醫療業
4129,聯合,22,生技醫療業
4130,健亞,22,生技醫療業
4131,晶宇,22,生技醫療業
4138,曜亞,22,生技醫療業
4139,F-馬光,22,生技醫療業
4152,台微體,22,生技醫療業
4153,鈺緯,22,生技醫療業
4154,F-康樂,22,生技醫療業
4157,F*太景,22,生技醫療業
4160,創源,22,生技醫療業
4161,聿新科,22,生技醫療業
4162,智擎,22,生技醫療業
4163,鐿鈦,22,生技醫療業
4168,醣聯,22,生技醫療業
4173,久裕,22,生技醫療業
4180,安成藥,22,生技醫療業
4205,中華食,02,食品工業
4207,環泰,02,食品工業
4303,信立,03,塑膠工業
4304,勝昱,03,塑膠工業
4305,世坤,03,塑膠工業
4401,東隆興,04,紡織纖維
4402,福大,04,紡織纖維
4406,新昕纖,04,紡織纖維
4413,飛寶,04,紡織纖維
4416,三圓,14,建材營造
4417,金洲,04,紡織纖維
4419,松懋,04,紡織纖維
4420,光明,04,紡織纖維
4429,聚紡,04,紡織纖維
4430,耀億,20,其他
4432,銘旺實,04,紡織纖維
4502,源恆,05,電機機械
4503,金雨,05,電機機械
4506,崇友,05,電機機械
4510,高鋒,05,電機機械
4513,福裕,05,電機機械
4523,永彰,05,電機機械
4527,方土霖,05,電機機械
4528,江興鍛,05,電機機械
4529,昶洧,05,電機機械
4530,宏易,05,電機機械
4533,協易機,05,電機機械
4534,慶騰,05,電機機械
4535,至興,05,電機機械
4609,唐鋒,06,電器電纜
4702,中美實,21,化學工業
4703,揚華,21,化學工業
4706,大恭,21,化學工業
4707,磐亞,21,化學工業
4711,永純,21,化學工業
4712,南璋,02,食品工業
4714,永捷,21,化學工業
4716,大立,21,化學工業
4720,德淵,21,化學工業
4721,美琪瑪,21,化學工業
4726,永昕,22,生技醫療業
4728,雙美,22,生技醫療業
4729,熒茂,26,光電業
4735,豪展,22,生技醫療業
4736,泰博,22,生技醫療業
4739,康普,21,化學工業
4743,合一,22,生技醫療業
4745,F-合富,22,生技醫療業
4747,強生,22,生技醫療業
4903,聯光通,27,通信網路業
4905,台聯電,27,通信網路業
4907,富宇,14,建材營造
4908,前鼎,27,通信網路業
4909,新復興,27,通信網路業
4911,德英,22,生技醫療業
4912,F-聯德,28,電子零組件業
4924,F-欣厚,25,電腦及週邊設備業
4927,F-泰鼎,28,電子零組件業
4933,友輝,26,光電業
4939,亞電,28,電子零組件業
4944,兆遠,26,光電業
4946,辣椒,32,文化創意業
4947,F-昂寶,24,半導體業
4950,牧東,26,光電業
4953,緯軟,30,資訊服務業
4965,商店街,30,資訊服務業
4966,F-譜瑞,24,半導體業
4971,F-IET,24,半導體業
4972,湯石,26,光電業
4973,廣穎,24,半導體業
4974,亞泰,28,電子零組件業
4979,華星光,27,通信網路業
4987,科誠,25,電腦及週邊設備業
4995,晶達,26,光電業
5009,榮剛,10,鋼鐵工業
5011,久陽,10,鋼鐵工業
5013,強新,10,鋼鐵工業
5014,建錩,10,鋼鐵工業
5015,華祺,10,鋼鐵工業
5016,松和,10,鋼鐵工業
5102,富強,11,橡膠工業
5201,凱衛,30,資訊服務業
5202,力新,30,資訊服務業
5206,坤悅,14,建材營造
5209,新鼎,30,資訊服務業
5210,寶碩,30,資訊服務業
5211,蒙恬,30,資訊服務業
5212,凌網,30,資訊服務業
5213,亞昕,14,建材營造
5227,F-立凱,28,電子零組件業
5230,雷笛克,26,光電業
5251,天鉞電,26,光電業
5261,創傑,24,半導體業
5263,智崴,30,資訊服務業
5266,F*AS,30,資訊服務業
5272,笙科,24,半導體業
5274,信驊,24,半導體業
5278,尚凡,32,文化創意業
5287,數字,30,資訊服務業
5289,宜鼎,25,電腦及週邊設備業
5301,寶得利,18,貿易百貨
5302,太欣,24,半導體業
5304,鼎創達,20,其他
5306,桂盟,20,其他
5309,系統電,28,電子零組件業
5310,天剛,30,資訊服務業
5312,寶島科,20,其他
5314,世紀,24,半導體業
5315,光聯,26,光電業
5317,凱美,28,電子零組件業
5321,友銓,28,電子零組件業
5324,士開,14,建材營造
5326,漢磊,24,半導體業
5328,華容,28,電子零組件業
5340,建榮,28,電子零組件業
5344,立衛,24,半導體業
5345,天揚,28,電子零組件業
5347,世界,24,半導體業
5348,系通,27,通信網路業
5349,先豐,28,電子零組件業
5351,鈺創,24,半導體業
5353,台林,27,通信網路業
5355,佳總,28,電子零組件業
5356,協益,25,電腦及週邊設備業
5364,易福,80,管理股票
5371,中光電,25,電腦及週邊設備業
5381,合正,28,電子零組件業
5383,金利,31,其他電子業
5384,捷元,25,電腦及週邊設備業
5386,青雲,25,電腦及週邊設備業
5392,應華,26,光電業
5395,圓方,26,光電業
5398,力瑋,28,電子零組件業
5403,中菲,30,資訊服務業
5410,國眾,30,資訊服務業
5425,台半,24,半導體業
5426,振發,25,電腦及週邊設備業
5432,達威,26,光電業
5438,東友,25,電腦及週邊設備業
5439,高技,28,電子零組件業
5443,均豪,26,光電業
5450,寶聯通,25,電腦及週邊設備業
5452,佶優,31,其他電子業
5455,訊利電,24,半導體業
5457,宣德,28,電子零組件業
5460,同協,28,電子零組件業
5464,霖宏,28,電子零組件業
5465,富驊,25,電腦及週邊設備業
5466,泰林,24,半導體業
5468,凱鈺,24,半導體業
5474,聰泰,25,電腦及週邊設備業
5475,德宏,28,電子零組件業
5478,智冠,32,文化創意業
5480,統盟,28,電子零組件業
5481,華韡,28,電子零組件業
5483,中美晶,24,半導體業
5487,通泰,24,半導體業
5488,松普,28,電子零組件業
5489,彩富,31,其他電子業
5490,同亨,25,電腦及週邊設備業
5491,連展,28,電子零組件業
5493,三聯,31,其他電子業
5498,凱崴,28,電子零組件業
5505,和旺,14,建材營造
5506,長鴻,14,建材營造
5508,永信建,14,建材營造
5511,德昌,14,建材營造
5512,力麒,14,建材營造
5514,三豐,14,建材營造
5516,雙喜,14,建材營造
5520,力泰,14,建材營造
5523,宏都,14,建材營造
5529,志嘉,14,建材營造
5530,龍巖,20,其他
5536,聖暉,31,其他電子業
5601,台聯櫃,15,航運業
5603,陸海,15,航運業
5604,中連貨,15,航運業
5609,中菲行,15,航運業
5701,劍湖山,16,觀光事業
5703,亞都,16,觀光事業
5704,老爺知,16,觀光事業
5820,日盛金,17,金融保險
5902,德記,18,貿易百貨
5903,全家,18,貿易百貨
5904,寶雅,18,貿易百貨
5905,南仁湖,18,貿易百貨
6015,宏遠證,17,金融保險
6016,康和證,17,金融保險
6020,大展證,17,金融保險
6021,大慶證,17,金融保險
6022,大眾證,17,金融保險
6023,元大期,17,金融保險
6024,群益期,17,金融保險
6101,弘捷,28,電子零組件業
6103,合邦,24,半導體業
6104,創惟,24,半導體業
6105,瑞傳,25,電腦及週邊設備業
6107,華美,28,電子零組件業
6109,亞元,27,通信網路業
6111,大宇資,32,文化創意業
6113,亞矽,29,電子通路業
6114,翔昇,28,電子零組件業
6118,建達,29,電子通路業
6121,新普,25,電腦及週邊設備業
6122,擎邦,05,電機機械
6123,上奇,25,電腦及週邊設備業
6124,業強,28,電子零組件業
6125,廣運,26,光電業
6126,信音,28,電子零組件業
6127,九豪,28,電子零組件業
6129,普誠,24,半導體業
6130,基因,22,生技醫療業
6134,萬旭,28,電子零組件業
6135,佳營,29,電子通路業
6138,茂達,24,半導體業
6140,訊達,30,資訊服務業
6143,振曜,27,通信網路業
6144,得利影,32,文化創意業
6146,耕興,31,其他電子業
6147,頎邦,24,半導體業
6148,驊宏資,30,資訊服務業
6150,撼訊,25,電腦及週邊設備業
6151,晉倫,31,其他電子業
6154,順發,29,電子通路業
6156,松上,26,光電業
6158,禾昌,28,電子零組件業
6160,欣技,25,電腦及週邊設備業
6161,捷波,25,電腦及週邊設備業
6163,華電網,27,通信網路業
6167,久正,26,光電業
6169,昱泉,32,文化創意業
6170,統振,27,通信網路業
6171,亞銳士,29,電子通路業
6173,信昌電,28,電子零組件業
6174,安碁,28,電子零組件業
6175,立敦,28,電子零組件業
6180,橘子,32,文化創意業
6182,合晶,24,半導體業
6185,幃翔,28,電子零組件業
6186,新潤,14,建材營造
6187,萬潤,31,其他電子業
6188,廣明,25,電腦及週邊設備業
6190,萬泰科,27,通信網路業
6194,育富,28,電子零組件業
6195,詩肯,18,貿易百貨
6198,凌泰,24,半導體業
6203,海韻電,28,電子零組件業
6204,艾華,28,電子零組件業
6207,雷科,28,電子零組件業
6208,日揚,28,電子零組件業
6210,慶生,28,電子零組件業
6211,福登,28,電子零組件業
6212,理銘,14,建材營造
6217,中探針,28,電子零組件業
6218,豪勉,27,通信網路業
6219,富旺,14,建材營造
6220,岳豐,28,電子零組件業
6221,晉泰,30,資訊服務業
6222,上揚,25,電腦及週邊設備業
6223,旺矽,24,半導體業
6227,茂綸,29,電子通路業
6228,全譜,25,電腦及週邊設備業
6229,研通,24,半導體業
6231,系微,30,資訊服務業
6233,旺玖,24,半導體業
6234,高僑,26,光電業
6236,凌越,24,半導體業
6237,驊訊,24,半導體業
6238,勝麗,31,其他電子業
6240,松崗,30,資訊服務業
6241,易通展,27,通信網路業
6242,亨豐,28,電子零組件業
6244,茂迪,26,光電業
6245,立端,27,通信網路業
6246,臺龍,26,光電業
6247,淇譽電,31,其他電子業
6248,沛波,28,電子零組件業
6250,宇加,28,電子零組件業
6259,百徽,28,電子零組件業
6261,久元,24,半導體業
6263,普萊德,27,通信網路業
6264,德士通,14,建材營造
6265,方土昶,29,電子通路業
6266,泰詠,28,電子零組件業
6270,倍微,29,電子通路業
6274,台燿,28,電子零組件業
6275,元山,31,其他電子業
6276,安鈦克,25,電腦及週邊設備業
6279,胡連,28,電子零組件業
6284,佳邦,28,電子零組件業
6287,元隆,24,半導體業
6290,良維,28,電子零組件業
6291,沛亨,24,半導體業
6292,迅德,28,電子零組件業
6294,智基,20,其他
6298,崴強,25,電腦及週邊設備業
6506,雙邦,21,化學工業
6508,惠光,03,塑膠工業
6509,聚和,21,化學工業
6603,富強鑫,05,電機機械
6609,瀧澤科,05,電機機械
6803,崑鼎,20,其他
8024,佑華,24,半導體業
8032,光菱,29,電子通路業
8034,榮群,27,通信網路業
8038,長園科,28,電子零組件業
8040,九暘,24,半導體業
8042,金山電,28,電子零組件業
8043,蜜望實,28,電子零組件業
8044,網家,30,資訊服務業
8047,星雲,31,其他電子業
8048,德勝,27,通信網路業
8049,晶采,26,光電業
8050,廣積,25,電腦及週邊設備業
8053,巨擘,26,光電業
8054,安國,24,半導體業
8059,凱碩,27,通信網路業
8064,東捷,26,光電業
8066,來思達,18,貿易百貨
8067,志旭,29,電子通路業
8068,全達,29,電子通路業
8069,元太,26,光電業
8071,能率豐,26,光電業
8074,鉅橡,28,電子零組件業
8076,伍豐,25,電腦及週邊設備業
8077,冠華,26,光電業
8079,誠遠,24,半導體業
8080,奧斯特,28,電子零組件業
8082,眾星,27,通信網路業
8083,瑞穎,05,電機機械
8084,巨虹,29,電子通路業
8085,福華,31,其他電子業
8086,宏捷科,24,半導體業
8087,華鎂鑫,26,光電業
8088,品安,24,半導體業
8091,翔名,28,電子零組件業
8092,建暐,31,其他電子業
8093,保銳,28,電子零組件業
8096,擎亞,29,電子通路業
8097,常珵,27,通信網路業
8099,大世科,30,資訊服務業
8107,大億科,26,光電業
8109,博大,28,電子零組件業
8111,立碁,26,光電業
8121,越峰,28,電子零組件業
8147,正淩,28,電子零組件業
8155,博智,28,電子零組件業
8171,天宇,27,通信網路業
8176,智捷,27,通信網路業
8182,加高,28,電子零組件業
8183,精星,31,其他電子業
8234,新漢,25,電腦及週邊設備業
8240,華宏,26,光電業
8255,朋程,05,電機機械
8266,中日新,26,光電業
8277,商丞,24,半導體業
8287,英格爾,28,電子零組件業
8289,泰藝,28,電子零組件業
8291,尚茂,28,電子零組件業
8299,群聯,25,電腦及週邊設備業
8349,友信,10,鋼鐵工業
8354,冠好,03,塑膠工業
8358,金居,28,電子零組件業
8383,千附,31,其他電子業
8390,金益鼎,20,其他
8401,白紗科,20,其他
8403,盛弘,22,生技醫療業
8406,F-金可,22,生技醫療業
8409,商之器,22,生技醫療業
8410,森田,25,電腦及週邊設備業
8416,實威,30,資訊服務業
8418,F-必勝,20,其他
8421,旭源,20,其他
8423,F-保綠,20,其他
8424,惠普,14,建材營造
8426,F-紅木,20,其他
8432,東生華,22,生技醫療業
8433,弘帆,18,貿易百貨
8435,鉅邁,20,其他
8436,大江,22,生技醫療業
8446,華研,32,文化創意業
8905,裕國,20,其他
8906,花王,20,其他
8908,欣雄,23,油電燃氣業
8913,全銓,20,其他
8916,光隆,20,其他
8917,欣泰,23,油電燃氣業
8921,沈氏,20,其他
8923,時報,32,文化創意業
8924,大田,20,其他
8925,偉盟,20,其他
8927,北基,23,油電燃氣業
8928,鉅明,20,其他
8929,富堡,20,其他
8930,青鋼,10,鋼鐵工業
8931,大汽電,23,油電燃氣業
8932,宏大,20,其他
8933,愛地雅,20,其他
8934,衡平,20,其他
8935,邦泰,20,其他
8936,國統,20,其他
8937,合騏,20,其他
8938,明安,20,其他
8941,關中,18,貿易百貨
8942,森鉅,20,其他
911613,特藝,TD,台灣存託憑證(TDR)
9949,琉園,32,文化創意業
9950,萬國通,03,塑膠工業
9951,皇田,05,電機機械
9960,邁達康,18,貿易百貨
9962,有益,10,鋼鐵工業
